locus_id	n_cs_variants	n_mapped_hg19	n_in_fetal_mqtl	pip_total	pip_in_fetal_mqtl	any_fetal_mqtl
7-rs58120505	13	13	2	1.955	0.5079	1
10-rs12571643	197	197	102	3.1019	0.3469	1
15-rs4702	1	1	0	0.9946	0.0	0
12-rs1790135	73	73	31	1.9681	0.5681	1
4-rs13107325	230	230	0	2.2214	0.0	0
12-rs4298967	3	3	0	0.9566	0.0	0
3-rs2710323	12	12	12	0.9703	1.0	1
2-rs2139054	69	69	0	1.9571	0.0	0
1-rs4950119	24	24	0	1.9206	0.0	0
7-rs7779548	50	50	0	1.9425	0.0	0
8-rs4129585	22	22	0	1.9608	0.0	0
11-rs2902858	60	60	25	2.012	0.4769	1
14-rs2190873	85	85	0	2.8968	0.0	0
1-rs12042444	88	88	0	1.0621	0.0	0
5-rs7709645	20	20	0	0.9666	0.0	0
3-rs71312200	149	149	0	2.9913	0.0	0
10-rs7893279	3	3	0	3.0	0.0	0
2-rs778371	21	21	0	0.9786	0.0	0
11-rs61902811	21	21	0	0.9674	0.0	0
7-rs35274762	4	4	0	1.9789	0.0	0
20-rs1006945	24	24	0	1.9588	0.0	0
15-rs3813567	34	34	31	0.9808	0.8454	1
12-rs4766428	9	9	0	1.9498	0.0	0
1-rs2970610	5	5	0	0.9951	0.0	0
2-rs11680723	90	90	0	4.8952	0.0	0
18-rs55858161	33	33	26	2.9503	0.6173	1
16-rs9925915	35	35	8	1.0788	0.3019	1
19-rs8101499	62	62	62	1.0144	1.0	1
4-rs12498839	11	11	0	1.9217	0.0	0
1-rs56335113	60	15	0	1.9488	0.0	0
2-rs12471454	104	104	47	2.924	0.3338	1
1-rs11587347	5	5	0	1.9542	0.0	0
12-rs61937595	3	3	0	1.9568	0.0	0
15-rs11638554	72	72	0	3.9131	0.0	0
14-rs10873538	92	92	0	1.0423	0.0	0
22-rs732381	2	2	0	1.9838	0.0	0
7-rs7803571	29	29	0	1.9347	0.0	0
3-rs10935184	50	50	0	1.9099	0.0	0
5-rs10035564	0	0	0			
19-rs7251	32	32	26	2.926	0.3163	1
2-rs11693094	5	5	0	1.0019	0.0	0
11-rs4936215	116	116	0	4.838	0.0	0
2-rs12991836	2	2	0	1.0009	0.0	0
11-rs3016384	59	59	0	1.9476	0.0	0
1-rs16851048	6	6	0	0.9611	0.0	0
10-rs17731	29	29	0	1.9655	0.0	0
5-rs72802887	83	83	0	1.9615	0.0	0
8-rs73219806	7	7	0	0.9974	0.0	0
18-rs11083369	2	2	0	0.9937	0.0	0
15-rs11632947	15	15	0	0.9598	0.0	0
13-rs9545047	62	62	0	0.9511	0.0	0
7-rs2057884	80	80	55	1.0485	0.7506	1
22-rs9607782	59	59	22	1.984	0.5603	1
18-rs9636107	51	51	0	4.8662	0.0	0
14-rs12883788	7	7	0	0.9571	0.0	0
2-rs2914983	98	98	0	2.0623	0.0	0
16-rs12925872	9	9	0	1.0037	0.0	0
2-rs68002929	11	11	0	0.9698	0.0	0
11-rs893949	118	118	0	4.8534	0.0	0
7-rs7807720	27	27	0	1.9247	0.0	0
11-rs12541	55	55	0	1.9313	0.0	0
1-rs61833239	4	4	0	1.9687	0.0	0
18-rs715170	69	69	0	4.8279	0.0	0
2-rs3770752	24	24	0	0.9743	0.0	0
8-rs73229090	7	7	0	0.9808	0.0	0
1-rs2494638	7	7	7	0.9541	1.0	1
9-rs505061	1	1	0	0.999	0.0	0
6-rs6938026	3	3	0	0.9978	0.0	0
17-rs959071	101	101	18	2.9038	0.3287	1
11-rs4937935	118	118	0	4.8584	0.0	0
7-rs79210963	67	67	4	1.957	0.0316	1
11-rs77502336	58	58	0	1.9787	0.0	0
3-rs17194490	5	5	0	0.9593	0.0	0
4-rs61405217	23	23	0	0.9743	0.0	0
16-rs9674103	51	51	0	0.9873	0.0	0
15-rs2929278	42	42	0	0.9633	0.0	0
8-8-4180090-T-A	24	24	0	1.913	0.0	0
8-rs4043663	0	0	0			
5-rs187653	28	28	0	0.9945	0.0	0
3-rs1399551	233	233	180	1.2008	0.8574	1
15-rs56282503	4	4	0	0.9621	0.0	0
8-rs298216	105	105	0	2.92	0.0	0
3-rs4678552	18	18	0	0.973	0.0	0
13-rs11619756	11	11	0	0.9637	0.0	0
7-rs1593304	32	32	0	1.9414	0.0	0
17-rs2696466	1638	1638	1637	0.9804	0.9996	1
3-rs13090130	173	173	0	1.9986	0.0	0
11-rs12363019	37	37	0	0.9803	0.0	0
12-rs302317	6	6	5	3.9875	0.7492	1
17-rs12943566	162	162	40	1.9941	0.0994	1
11-rs10767735	49	49	0	1.9515	0.0	0
6-rs217310	30	30	0	0.9861	0.0	0
3-rs6804677	6	6	0	0.9722	0.0	0
15-rs2238304	17	17	0	0.9668	0.0	0
5-rs11241041	87	87	0	1.0361	0.0	0
13-rs9597388	62	62	0	1.9736	0.0	0
5-rs7701188	104	104	0	3.9178	0.0	0
17-rs4793888	11	11	0	0.9748	0.0	0
2-rs6430491	6	6	0	1.0024	0.0	0
4-rs35734242	1	1	1	0.972	1.0	1
20-rs6125656	13	13	0	0.9738	0.0	0
1-rs2252865	31	31	0	0.9974	0.0	0
14-rs1540840	2	2	0	0.9547	0.0	0
2-rs72974238	33	33	0	0.9842	0.0	0
6-rs9398171	44	44	27	1.9482	0.5022	1
1-rs12138231	137	137	0	1.35	0.0	0
8-rs59498392	97	97	0	1.0639	0.0	0
6-rs12190758	44	44	0	0.9944	0.0	0
12-rs6538539	19	19	0	0.9738	0.0	0
4-rs1454606	420	420	0	1.5664	0.0	0
16-rs11076631	51	51	51	1.0053	1.0	1
11-rs708228	0	0	0			
12-rs61952922	125	122	11	1.9752	0.4138	1
17-rs75329315	166	166	48	2.0091	0.1507	1
13-rs1924378	66	66	0	1.9541	0.0	0
8-rs6471815	16	16	0	0.9797	0.0	0
19-rs2387414	11	11	0	2.9302	0.0	0
1-rs645383	60	60	38	1.0497	0.2934	1
8-rs10086619	33	33	0	1.0129	0.0	0
1-rs6588168	17	17	0	0.9709	0.0	0
14-rs17571951	8	8	0	0.9562	0.0	0
5-rs115037896	150	150	147	1.0467	0.9608	1
1-rs11209828	36	36	0	0.992	0.0	0
17-rs6504163	11	11	0	0.9708	0.0	0
5-rs246024	184	184	155	2.0959	0.4258	1
3-rs167924	10	10	0	0.9597	0.0	0
19-rs72986630	7	7	0	1.9743	0.0	0
4-rs7699241	3	3	0	0.958	0.0	0
2-rs62152282	14	14	0	0.9731	0.0	0
5-rs39967	20	20	0	0.9666	0.0	0
5-rs815609	2	2	0	0.996	0.0	0
10-rs7900775	0	0	0			
1-rs61828917	0	0	0			
7-rs2944821	45	45	0	1.9375	0.0	0
7-rs6461561	7	7	0	0.9595	0.0	0
10-rs61857878	2	2	0	0.9899	0.0	0
7-rs13233308	9	9	0	1.9867	0.0	0
21-rs8134737	4	4	0	1.0025	0.0	0
12-rs2649999	87	87	79	1.9777	0.5137	1
16-rs8048039	37	37	37	0.9755	1.0	1
14-rs10148671	8	8	0	0.9561	0.0	0
4-rs28454198	19	19	0	0.9774	0.0	0
13-rs1545660	0	0	0			
1-rs61789527	244	244	0	3.894	0.0	0
5-rs252812	9	9	0	0.9591	0.0	0
6-rs6925079	41	41	0	1.9111	0.0	0
15-rs10906984	50	50	0	1.0309	0.0	0
9-rs10985811	19	19	0	0.9755	0.0	0
6-rs1856507	10	10	0	0.9568	0.0	0
10-rs2119242	5	5	0	0.9703	0.0	0
7-rs1589726	123	123	0	1.0766	0.0	0
12-rs578470	0	0	0			
5-rs72723227	2	2	0	0.9713	0.0	0
2-rs62183855	11	11	0	0.975	0.0	0
6-rs9322058	15	15	0	0.9837	0.0	0
12-rs2686386	177	177	69	3.9089	0.2516	1
11-rs11227250	45	45	21	1.9569	0.5017	1
9-rs13293831	5	5	0	0.9834	0.0	0
18-rs8084351	0	0	0			
4-rs28521069	91	91	0	1.0309	0.0	0
11-rs10894308	109	109	20	1.9676	0.1511	1
13-rs9569820	41	41	0	1.0029	0.0	0
1-rs10157075	14	14	0	0.9624	0.0	0
2-rs1396728	53	53	0	1.0164	0.0	0
16-rs11862968	0	0	0			
4-rs356183	0	0	0			
12-rs3764002	2	2	0	0.957	0.0	0
7-rs35531336	0	0	0			
12-rs1463209	0	0	0			
5-rs9687282	55	55	38	1.9748	0.4303	1
14-rs7141857	51	51	0	0.9942	0.0	0
3-rs59971314	18	18	0	0.962	0.0	0
4-rs4697446	18	18	0	1.9514	0.0	0
2-rs1881046	131	131	0	2.0699	0.0	0
8-rs1434281	11	11	0	0.961	0.0	0
1-rs7515363	29	29	0	1.924	0.0	0
19-rs3810450	3	3	0	0.9669	0.0	0
8-rs7464611	14	14	0	0.9696	0.0	0
2-rs999494	152	152	0	2.1048	0.0	0
15-rs2917627	21	21	0	1.9621	0.0	0
15-rs653765	25	25	13	0.9748	0.5209	1
9-rs2381411	43	43	0	0.9973	0.0	0
9-rs498591	2	2	0	0.9645	0.0	0
19-rs322124	7	7	0	1.9769	0.0	0
19-rs758749	10	10	0	0.9745	0.0	0
2-rs10173857	0	0	0			
12-rs12315638	73	73	0	1.9958	0.0	0
1-rs3900555	29	29	0	0.9828	0.0	0
2-rs4672366	30	30	0	1.9346	0.0	0
1-rs12126806	45	45	0	1.9488	0.0	0
13-rs650520	74	74	0	1.9562	0.0	0
8-rs876983	11	11	0	0.969	0.0	0
14-rs4903718	10	10	0	0.963	0.0	0
12-rs61924144	82	82	0	1.9887	0.0	0
21-rs229362	17	17	0	0.9666	0.0	0
5-rs34879738	97	97	0	2.9557	0.0	0
7-rs2349487	14	14	0	0.9616	0.0	0
5-rs12652777	43	43	0	0.9985	0.0	0
2-rs7604885	17	17	0	0.97	0.0	0
13-rs61973697	36	36	0	0.9784	0.0	0
2-rs7575796	0	0	0			
1-rs10559	112	112	36	2.9256	0.3088	1
17-rs11263770	10	10	0	0.9741	0.0	0
2-rs7599488	30	30	0	1.9261	0.0	0
8-rs79445414	142	142	0	3.0315	0.0	0
22-rs6010045	129	129	127	1.1065	0.9516	1
5-rs2914025	42	42	0	1.9509	0.0	0
6-rs9390083	11	11	0	0.9766	0.0	0
9-rs6479494	26	26	0	0.9768	0.0	0
2-rs34181670	0	0	0			
13-rs9603649	0	0	0			
2-rs12476312	122	122	0	1.0233	0.0	0
19-rs144821294	5	5	0	1.9518	0.0	0
1-rs41314284	5	5	0	0.9571	0.0	0
2-rs2033996	72	72	0	1.0081	0.0	0
12-rs10777187	33	33	0	0.9943	0.0	0
12-rs10861176	36	36	1	2.873	0.0064	1
7-rs10243922	28	28	0	1.9366	0.0	0
2-rs6546857	158	158	0	2.1354	0.0	0
12-rs1464492	75	75	0	1.986	0.0	0
6-rs80249955	4	4	0	0.9755	0.0	0
4-rs215483	18	18	0	1.9503	0.0	0
16-rs11647188	9	9	0	0.9594	0.0	0
1-rs61786047	11	11	1	0.9696	0.013	1
1-rs1023330	26	26	0	1.9728	0.0	0
18-rs8096175	0	0	0			
9-rs2890914	28	28	0	0.967	0.0	0
13-rs12877581	3	3	0	0.9639	0.0	0
9-rs10781248	5	5	0	0.9774	0.0	0
3-rs62291002	105	105	0	2.0241	0.0	0
14-rs745467	27	27	0	1.9459	0.0	0
11-rs12282735	55	55	0	2.9222	0.0	0
4-rs59518103	182	182	0	2.013	0.0	0
7-rs6946576	4	4	0	0.9576	0.0	0
10-rs7902292	3	3	0	0.9636	0.0	0
16-rs79478621	23	23	0	1.9339	0.0	0
6-rs9390172	0	0	0			
7-rs2299409	151	151	121	2.0317	0.8835	1
12-rs513022	105	105	0	1.0798	0.0	0
12-rs61928076	0	0	0			
18-rs337718	97	97	0	1.9756	0.0	0
6-rs9487653	0	0	0			
9-rs6478858	0	0	0			
3-rs7648272	58	58	0	1.9425	0.0	0
4-rs13117857	16	16	0	1.9485	0.0	0
6-rs9470670	122	122	0	2.0057	0.0	0
6-rs117178087	37	37	0	0.9854	0.0	0
10-rs2812599	44	44	0	1.9337	0.0	0
6-rs221618	36	36	0	0.9941	0.0	0
8-rs6989793	2	2	0	0.9985	0.0	0
7-rs62479287	0	0	0			
11-rs12224032	20	20	0	0.9646	0.0	0
16-rs244908	54	54	0	1.0268	0.0	0
2-rs345906	3	3	0	0.9972	0.0	0
7-rs7811528	12	12	2	1.9544	0.5088	1
3-rs11129383	0	0	0			
17-rs3909258	25	25	22	1.9849	0.5009	1
6-rs9341835	40	40	0	1.9248	0.0	0
4-rs2905625	0	0	0			
11-rs1144403	0	0	0			
6-rs7773962	0	0	0			
10-rs10995239	116	116	0	2.9213	0.0	0
1-rs11122119	0	0	0			
12-rs11064369	2	2	2	0.976	1.0	1
9-rs72761691	0	0	0			
4-rs7681616	0	0	0			
7-rs12671608	1	1	0	0.965	0.0	0
11-rs4923457	163	163	0	3.0593	0.0	0
9-rs1319017	74	74	0	1.9054	0.0	0
2-rs11685270	0	0	0			
2-rs35026989	134	134	0	2.0429	0.0	0
1-rs61838368	20	20	0	0.9882	0.0	0
14-rs221902	99	99	0	2.9284	0.0	0
22-rs76365544	9	9	0	0.956	0.0	0
17-rs2189336	0	0	0			
3-rs77174383	14	14	0	0.9706	0.0	0
4-rs982012	0	0	0			
7-rs3923569	59	59	0	1.9351	0.0	0
17-rs7225476	0	0	0			
12-rs10777341	10	10	0	0.9723	0.0	0
5-rs12514660	172	172	0	2.0771	0.0	0
