locus_id	bulk_expression	susie_rescue	single_cell	fetal_eqtl	splicing	methylation	best_pp4_sqtl	best_sqtl_ds	best_pp4_meqtl	attributed_to
7-rs58120505	True	False	False	False	False	True	0.104560283582828	QTD000165	0.987542882369301	bulk_expression
10-rs12571643	False	True	False	False	True	True	0.933020902326266	QTD000079	0.999062838990981	susie_rescue
15-rs4702	True	False	True	True	False	True	0.23043153300183	QTD000055	0.999923633242574	bulk_expression
12-rs1790135	True	False	True	False	True	True	0.917052602560078	QTD000175	0.986823961682061	bulk_expression
4-rs13107325	False	False	False	False	False	True	0.0041861979593349	QTD000055	0.967369890312596	methylation
12-rs4298967	False	False	False	False	False	True	0.056258501676137	QTD000205	0.958039617455443	methylation
3-rs2710323	True	False	False	True	True	True	0.98887086121592	QTD000165	0.994882664912726	bulk_expression
2-rs2139054	False	False	False	False	False	False	0.0914571576054283	QTD000079	0.482221488283963	unexplained
1-rs4950119	True	False	False	False	False	True	0.0018682234194593	QTD000079	0.958719168390848	bulk_expression
7-rs7779548	False	False	False	False	False	True	0.003901067136101	QTD000438	0.948620980673036	methylation
8-rs4129585	False	True	True	False	False	True	0.393887308028702	QTD000079	0.99572788203599	susie_rescue
11-rs2902858	True	False	False	False	True	True	0.951125183541595	QTD000180	0.971935205096642	bulk_expression
14-rs2190873	True	False	True	False	False	True	0.0557487429143999	QTD000055	0.97711397721829	bulk_expression
1-rs12042444	False	False	False	False	False	False	0.0446943854661757	QTD000055	0.249074513222087	unexplained
5-rs7709645	False	False	False	False	False	True	0.640202546035048	QTD000079	0.847519377100396	methylation
3-rs71312200	False	True	False	False	False	True	0.087061631250405	QTD000438	0.964156646252316	susie_rescue
10-rs7893279	False	False	False	False	False	True	0.0292126981147211	QTD000195	0.973683304049495	methylation
2-rs778371	False	False	False	False	False	False	0.729687953812803	QTD000583	0.411138819670134	unexplained
11-rs61902811	False	False	False	False	False	True	0.629009736275578	QTD000079	0.993358880108898	methylation
7-rs35274762	False	False	False	False	False	True	0.0555759796672234	QTD000079	0.981123660033767	methylation
20-rs1006945	False	False	False	False	False	True	0.0793448344637145	QTD000210	0.976252816246823	methylation
15-rs3813567	False	False	False	False	False	True	0.197964866678435	QTD000079	0.963945966977292	methylation
12-rs4766428	True	False	False	True	False	True	0.0997311684942602	QTD000583	0.991959036003882	bulk_expression
1-rs2970610	False	False	False	False	False	True	0.0895408489481169	QTD000170	0.985835596514331	methylation
2-rs11680723	False	False	True	False	False	True	0.151232538464339	QTD000079	0.994540171014017	single_cell
18-rs55858161	False	False	False	False	False	True	0.276569899367877	QTD000438	0.976612750652004	methylation
16-rs9925915	True	False	True	True	True	True	0.971066109921555	QTD000180	0.973507378152854	bulk_expression
19-rs8101499	True	False	True	False	False	True	0.778682268720988	QTD000170	0.982019061029794	bulk_expression
4-rs12498839	True	False	False	False	True	False	0.998663872952229	QTD000079	0.679008329262639	bulk_expression
1-rs56335113	False	False	False	False	False	True	0.10232059771084	QTD000175	0.954001288588636	methylation
2-rs12471454	False	True	True	False	False	True	0.494016947523559	QTD000055	0.994540171014017	susie_rescue
1-rs11587347	False	False	False	False	False	False	0.0201846843784674	QTD000438	0.238411506138771	unexplained
12-rs61937595	False	True	False	False	False	True	0.137987211702264	QTD000195	0.999975399248077	susie_rescue
15-rs11638554	True	False	False	True	False	True	0.715410323079852	QTD000438	0.974042024606945	bulk_expression
14-rs10873538	False	False	False	False	True	True	0.9131738700046	QTD000160	0.983594069333049	splicing
22-rs732381	False	True	False	False	False	True	0.172289164964016	QTD000438	0.999708366892352	susie_rescue
7-rs7803571	False	False	False	False	False	False	0.607221856004271	QTD000170	0.655096254289722	unexplained
3-rs10935184	True	False	True	False	True	True	0.828067987273487	QTD000438	0.843379692145982	bulk_expression
5-rs10035564	False	False	False	False	False	True	0.436141837185243	QTD000438	0.826405718803307	methylation
19-rs7251	True	False	True	False	True	True	0.990392576330927	QTD000055	0.996398628237099	bulk_expression
2-rs11693094	False	False	False	False	False	False	0.0940999277893896	QTD000079	0.250569694441868	unexplained
11-rs4936215	False	False	False	False	False	True	0.710878310330043	QTD000165	0.991097612924744	methylation
2-rs12991836	False	False	False	False	False	False			0.73477120996119	unexplained
11-rs3016384	False	False	False	False	False	True	0.361805085729309	QTD000170	0.855819780882522	methylation
1-rs16851048	False	False	False	False	False	False	0.162194427046786	QTD000079	0.707181948340606	unexplained
10-rs17731	False	True	False	False	False	True	0.0654676200769492	QTD000210	0.970359069598916	susie_rescue
5-rs72802887	False	False	False	False	True	True	0.826113522798226	QTD000055	0.926331662343866	splicing
8-rs73219806	True	False	False	False	True	True	0.927331976851648	QTD000438	0.886714467904162	bulk_expression
18-rs11083369	False	False	False	False	False	False				unexplained
15-rs11632947	False	False	False	False	False	True	0.0672068505440989	QTD000079	0.938813413904144	methylation
13-rs9545047	True	False	True	True	False	True	0.0559959210892179	QTD000195	0.953770402729197	bulk_expression
7-rs2057884	False	False	True	False	False	True	0.323290293679528	QTD000055	0.884995076392486	single_cell
22-rs9607782	True	False	False	False	True	True	0.82398500976165	QTD000185	0.999998157927214	bulk_expression
18-rs9636107	False	False	False	False	False	True	0.710240811864413	QTD000055	0.93180069717679	methylation
14-rs12883788	False	False	False	False	False	False	0.0516309177677641	QTD000180	0.661749546489058	unexplained
2-rs2914983	True	False	False	False	False	True	0.116287216094612	QTD000055	0.979382293411279	bulk_expression
16-rs12925872	False	False	False	True	False	False	0.12580664796147	QTD000079	0.157893148588104	fetal_eqtl
2-rs68002929	False	False	False	False	False	False			0.225557648520453	unexplained
11-rs893949	False	False	False	False	False	True	0.710618875094973	QTD000165	0.991097612924744	methylation
7-rs7807720	False	False	False	False	False	False	0.721143287863428	QTD000170	0.655096254289722	unexplained
11-rs12541	True	False	False	False	False	True	0.40821087211785	QTD000195	0.986156447871936	bulk_expression
1-rs61833239	False	False	False	False	True	True	0.866483789926817	QTD000438	0.969189158400588	splicing
18-rs715170	False	False	False	False	False	True	0.264543438623706	QTD000079	0.93180069717679	methylation
2-rs3770752	True	False	False	True	True	True	0.865355375819746	QTD000079	0.966897897177857	bulk_expression
8-rs73229090	False	False	False	False	False	True	0.0311206487700831	QTD000195	0.8849204398922	methylation
1-rs2494638	True	False	False	True	False	True	0.128435021846117	QTD000205	0.962337317522623	bulk_expression
9-rs505061	False	False	False	False	False	False	0.0025725731423307	QTD000079	0.231734201438513	unexplained
6-rs6938026	True	False	False	False	False	True	0.107057884587008	QTD000055	0.984072089579164	bulk_expression
17-rs959071	False	True	False	True	False	True	0.318331280833657	QTD000195	0.997744153431329	susie_rescue
11-rs4937935	False	False	False	False	False	True	0.710917330227351	QTD000165	0.991097612924744	methylation
7-rs79210963	False	True	False	False	False	True	0.345306292301227	QTD000079	0.985083036842596	susie_rescue
11-rs77502336	True	False	False	False	False	True	0.451763281708158	QTD000175	0.88536647758102	bulk_expression
3-rs17194490	True	False	False	False	False	False	0.0116497162338517	QTD000079	0.217936289684825	bulk_expression
4-rs61405217	False	False	False	False	False	True	0.0642069825574993	QTD000079	0.945295681629328	methylation
16-rs9674103	False	False	False	False	False	True	0.061904624142378	QTD000210	0.846664647502302	methylation
15-rs2929278	True	False	True	False	True	True	0.916305582010716	QTD000180	0.975020927983298	bulk_expression
8-8-4180090-T-A	False	False	False	False	False	False	0.0260281748042541	QTD000180	0.458192415493505	unexplained
8-rs4043663	True	False	False	False	False	True	0.0994311034460449	QTD000079	0.816728850327887	bulk_expression
5-rs187653	True	False	False	False	False	True	0.779165856440436	QTD000438	0.898410923342602	bulk_expression
3-rs1399551	False	False	False	False	False	True			0.969121763756051	methylation
15-rs56282503	True	False	False	False	True	True	0.974938388181904	QTD000438	0.988261367013646	bulk_expression
8-rs298216	True	False	True	False	False	True	0.108973761196006	QTD000055	0.992648830029331	bulk_expression
3-rs4678552	True	False	True	False	False	False	0.038994569389906	QTD000195	0.577375349426176	bulk_expression
13-rs11619756	False	False	False	False	False	True	0.374101030057653	QTD000079	0.957724476375049	methylation
7-rs1593304	False	False	False	False	False	True	0.0320622382486171	QTD000079	0.849194241953794	methylation
17-rs2696466	True	False	True	False	True	True	0.960553575990771	QTD000055	0.979748074379691	bulk_expression
3-rs13090130	False	False	False	False	False	True	0.0432126722802659	QTD000079	0.870635905177365	methylation
11-rs12363019	False	False	False	False	False	True	0.0308800835671404	QTD000438	0.910283621853687	methylation
12-rs302317	True	False	False	False	False	True	0.122560678834163	QTD000079	0.986962920941292	bulk_expression
17-rs12943566	False	True	False	False	True	True	0.938989184048425	QTD000438	0.959490964851879	susie_rescue
11-rs10767735	False	False	False	False	False	True	0.44023287446063	QTD000079	0.987239286257469	methylation
6-rs217310	True	False	False	False	False	True	0.0948604606867263	QTD000079	0.817866026871379	bulk_expression
3-rs6804677	False	False	False	False	False	True	0.375854872498778	QTD000055	0.964052409801821	methylation
15-rs2238304	True	False	False	False	True	True	0.984165457751243	QTD000170	0.989166262361279	bulk_expression
5-rs11241041	False	False	False	False	False	True	0.33078792028663	QTD000079	0.858274106754195	methylation
13-rs9597388	False	False	False	False	False	False			0.15626018534031	unexplained
5-rs7701188	True	False	False	False	False	True	0.160920783945203	QTD000185	0.904753458441081	bulk_expression
17-rs4793888	False	False	False	False	False	True	0.0758931613969589	QTD000170	0.825898939033879	methylation
2-rs6430491	True	False	False	False	False	True	0.300329318514192	QTD000055	0.973931377580588	bulk_expression
4-rs35734242	False	True	False	False	True	True	0.915771276016961	QTD000165	0.977200925375745	susie_rescue
20-rs6125656	False	False	False	False	False	False	0.0817709747978639	QTD000055	0.767988768422176	unexplained
1-rs2252865	True	False	True	False	False	True	0.072763102282116	QTD000079	0.979817157848486	bulk_expression
14-rs1540840	False	False	False	False	False	True	0.191272646853973	QTD000079	0.96040454536332	methylation
2-rs72974238	True	False	True	False	False	True	0.045016557199082	QTD000160	0.96736681962349	bulk_expression
6-rs9398171	True	False	False	False	False	True	0.183770619888899	QTD000190	0.95870653048363	bulk_expression
1-rs12138231	True	False	False	False	False	True	0.157983229144747	QTD000055	0.960393034079895	bulk_expression
8-rs59498392	True	False	False	True	True	True	0.873636027833232	QTD000170	0.99192831317356	bulk_expression
6-rs12190758	False	False	False	False	False	False			0.0617540626771936	unexplained
12-rs6538539	False	False	False	False	False	False	0.29570131892034	QTD000190	0.0862656339287448	unexplained
4-rs1454606	False	False	False	False	False	True			0.924253255794596	methylation
16-rs11076631	True	False	False	False	True	True	0.96273382775097	QTD000180	0.993383581949478	bulk_expression
11-rs708228	True	False	False	False	False	True	0.0527831829180901	QTD000055	0.986731780314916	bulk_expression
12-rs61952922	True	False	True	True	True	True	0.990541638740474	QTD000055	0.989992347181409	bulk_expression
17-rs75329315	False	True	False	False	True	True	0.939254640439786	QTD000438	0.959490964851879	susie_rescue
13-rs1924378	False	False	False	False	False	False	0.0916166702750487	QTD000079	0.655445098818246	unexplained
8-rs6471815	False	False	False	False	False	True	0.0479087541881499	QTD000170	0.874440358096921	methylation
19-rs2387414	True	False	True	False	True	True	0.990392895633754	QTD000055	0.996398628237099	bulk_expression
1-rs645383	True	False	False	False	False	True	0.115071200234715	QTD000190	0.986787241959085	bulk_expression
8-rs10086619	False	False	False	False	False	False	0.0644659489390816	QTD000195	0.178905959493584	unexplained
1-rs6588168	False	False	False	False	False	True	0.116311907673498	QTD000079	0.972007417734744	methylation
14-rs17571951	False	False	False	False	False	True	0.0243549555072827	QTD000079	0.802540507988971	methylation
5-rs115037896	True	False	False	False	False	False	3.52644389636306e-07	QTD000079	0.153250405507399	bulk_expression
1-rs11209828	False	False	False	False	False	False	0.0053517608362386	QTD000180	0.198905348333674	unexplained
17-rs6504163	True	False	False	True	False	False	0.118293398407902	QTD000200	0.45758321546114	bulk_expression
5-rs246024	True	False	False	True	False	True	0.47337834662467	QTD000170	0.98823393957739	bulk_expression
3-rs167924	False	False	False	False	False	True	0.38602398544042	QTD000175	0.985722786880464	methylation
19-rs72986630	True	False	False	False	False	True	0.136679049096117	QTD000438	0.923331252372854	bulk_expression
4-rs7699241	False	False	False	False	False	False	0.795218788467239	QTD000583	0.648654139552692	unexplained
2-rs62152282	False	False	False	False	False	True	0.306945910605712	QTD000055	0.964108882959602	methylation
5-rs39967	False	False	False	False	False	False	0.0522423053270426	QTD000079	0.439921683362161	unexplained
5-rs815609	False	False	False	False	False	True	0.0219178814174171	QTD000438	0.958641129460376	methylation
10-rs7900775	False	False	True	False	False	True	0.497471131276887	QTD000175	0.85543935005715	single_cell
1-rs61828917	True	False	True	False	False	True	0.0798018369775892	QTD000055	0.996178919023654	bulk_expression
7-rs2944821	False	False	False	False	False	True	0.0216248264407608	QTD000438	0.942786692378435	methylation
7-rs6461561	True	False	False	False	False	False	0.467838662918433	QTD000079	0.449410658427786	bulk_expression
10-rs61857878	False	False	False	False	False	False	0.0049743345673453	QTD000205	0.457224932673927	unexplained
7-rs13233308	False	False	False	False	False	True	0.0170294432273795	QTD000583	0.995551763376049	methylation
21-rs8134737	False	False	False	False	False	False	0.0032839573821524	QTD000055	0.158492089062348	unexplained
12-rs2649999	False	True	False	False	False	True	0.420232571975537	QTD000438	0.947995748514689	susie_rescue
16-rs8048039	True	False	False	False	True	True	0.985048232509288	QTD000180	0.985994608535221	bulk_expression
14-rs10148671	False	False	False	False	False	True	0.0510296368984997	QTD000079	0.802540507988971	methylation
4-rs28454198	False	False	False	False	False	False	0.011790361067547	QTD000205	0.744336463949385	unexplained
13-rs1545660	False	False	False	False	False	False	0.014866623906442	QTD000079	0.254893396835695	unexplained
1-rs61789527	False	True	False	False	False	False	0.0369593534625898	QTD000079	0.495032960687179	susie_rescue
5-rs252812	False	False	True	False	False	True	0.0694854931264235	QTD000079	0.953815989254834	single_cell
6-rs6925079	False	False	False	False	False	True			0.937440841671061	methylation
15-rs10906984	True	False	False	False	False	False	0.149957716687748	QTD000160	0.799776276615035	bulk_expression
9-rs10985811	False	False	False	False	False	False	0.054341832169578	QTD000210	0.298154277173628	unexplained
6-rs1856507	False	False	False	False	False	False	0.0516444379997635	QTD000200	0.718661856329262	unexplained
10-rs2119242	False	False	False	False	False	True	1.756175562446e-05	QTD000079	0.998620883883154	methylation
7-rs1589726	False	False	False	False	False	False	0.0659698639424998	QTD000583	0.681368448781812	unexplained
12-rs578470	True	False	False	False	True	True	0.881330200137262	QTD000165	0.98779486411141	bulk_expression
5-rs72723227	False	False	True	False	False	True	0.0206076860153691	QTD000170	0.967711034203693	single_cell
2-rs62183855	False	False	False	False	False	True	0.0623093365983088	QTD000150	0.988111150234123	methylation
6-rs9322058	False	False	False	False	False	True	0.0505087032278383	QTD000175	0.953263515083673	methylation
12-rs2686386	False	False	False	False	True	True	0.87788511607381	QTD000180	0.963151836335101	splicing
11-rs11227250	True	False	True	False	True	True	0.890516302384309	QTD000165	0.986002337393078	bulk_expression
9-rs13293831	False	False	False	False	False	True	0.202244393943916	QTD000438	0.969108563262072	methylation
18-rs8084351	False	False	False	False	False	False	0.186647899087795	QTD000170	0.0894059845788855	unexplained
4-rs28521069	True	False	False	False	False	False	0.0147359819934165	QTD000150	0.534941924437366	bulk_expression
11-rs10894308	False	False	False	False	False	True	0.0645176106461117	QTD000165	0.855819780882522	methylation
13-rs9569820	False	False	False	False	False	False			0.708524102466331	unexplained
1-rs10157075	False	False	False	False	False	False	0.0153421528713039	QTD000180	0.0927338173313313	unexplained
2-rs1396728	False	False	False	False	False	False	0.0003308290088402	QTD000055	0.179283598333329	unexplained
16-rs11862968	True	False	False	False	True	True	0.983511796355863	QTD000170	0.985205031263041	bulk_expression
4-rs356183	True	False	False	False	False	False	0.199240577299864	QTD000165	0.661041515811951	bulk_expression
12-rs3764002	False	False	False	False	False	False	0.0795427478385852	QTD000055	0.268342411952035	unexplained
7-rs35531336	False	False	False	False	False	True	0.0159913421838949	QTD000165	0.82922492534409	methylation
12-rs1463209	False	False	True	False	False	False	0.0695745760396112	QTD000055	0.736695095987441	single_cell
5-rs9687282	True	False	True	False	True	True	0.985510478187382	QTD000438	0.994693717255353	bulk_expression
14-rs7141857	False	False	False	False	False	False	0.0053578607404064	QTD000079	0.178506298992713	unexplained
3-rs59971314	True	False	False	False	False	True	0.0878146548717316	QTD000079	0.967579975657417	bulk_expression
4-rs4697446	False	False	False	False	False	True	0.0255329520974623	QTD000079	0.909080925555894	methylation
2-rs1881046	False	False	False	False	False	True	0.089237204284537	QTD000079	0.961921316764412	methylation
8-rs1434281	False	False	False	False	False	True	0.594131058017749	QTD000055	0.995130574694967	methylation
1-rs7515363	True	False	True	False	False	True	0.375902980466475	QTD000438	0.992116850826278	bulk_expression
19-rs3810450	True	False	False	False	False	True	0.0780051669653918	QTD000055	0.99125147991232	bulk_expression
8-rs7464611	True	False	True	False	False	True	0.794859997000835	QTD000195	0.998515750321681	bulk_expression
2-rs999494	True	False	False	False	False	True	0.351057169461763	QTD000055	0.993049014702321	bulk_expression
15-rs2917627	False	False	False	False	False	False	0.140434915590757	QTD000185	0.46783650639426	unexplained
15-rs653765	True	False	True	False	False	True	0.214977805741271	QTD000079	0.940497780280891	bulk_expression
9-rs2381411	False	False	False	False	False	True	0.485974523579391	QTD000180	0.992010029038369	methylation
9-rs498591	False	False	False	False	False	False	0.233499951772574	QTD000079	0.0745944720855451	unexplained
19-rs322124	True	False	False	False	False	False	0.133116873082274	QTD000175	0.760921293676966	bulk_expression
19-rs758749	True	False	False	True	True	False	0.964859090460433	QTD000079	0.635372091471199	bulk_expression
2-rs10173857	True	False	False	False	False	True	0.0638595168551413	QTD000165	0.935777512559167	bulk_expression
12-rs12315638	False	False	False	False	False	False	0.0054019614067084	QTD000438	0.38644458527827	unexplained
1-rs3900555	False	True	False	False	False	True	0.770148831642081	QTD000170	0.943359486819223	susie_rescue
2-rs4672366	False	False	False	False	False	True	0.026440405282637	QTD000195	0.96964697937101	methylation
1-rs12126806	True	False	True	False	False	True	0.0375798598834053	QTD000205	0.992116850826278	bulk_expression
13-rs650520	False	False	False	False	False	False	0.132689316377988	QTD000190	0.655445098818246	unexplained
8-rs876983	True	False	False	False	False	False	0.0437648741936409	QTD000079	0.794617663341716	bulk_expression
14-rs4903718	False	False	False	False	False	True	0.0873847901582324	QTD000055	0.850428717587796	methylation
12-rs61924144	False	True	False	False	False	True	0.0335343332101299	QTD000055	0.828931568568994	susie_rescue
21-rs229362	True	False	False	False	True	False	0.941321834486026	QTD000055	0.074806042615903	bulk_expression
5-rs34879738	False	False	False	False	True	True	0.834870869142428	QTD000079	0.888777493540065	splicing
7-rs2349487	False	False	False	False	False	False	0.0835366089229829	QTD000583	0.0742702743870926	unexplained
5-rs12652777	False	False	False	False	False	True	0.0048967774042997	QTD000438	0.898814500079894	methylation
2-rs7604885	False	False	False	False	False	False	0.376132086444948	QTD000079	0.256891359704421	unexplained
13-rs61973697	False	False	False	False	False	False	0.0130178455905933	QTD000200	0.267401479573566	unexplained
2-rs7575796	True	False	True	False	True	True	0.994049185348003	QTD000438	0.971927005353806	bulk_expression
1-rs10559	True	False	False	True	True	True	0.887411165578987	QTD000438	0.982735100039383	bulk_expression
17-rs11263770	True	False	True	False	False	True	0.671125570930962	QTD000160	0.90140554380119	bulk_expression
2-rs7599488	False	False	False	False	False	True	0.0037246696611058	QTD000205	0.96964697937101	methylation
8-rs79445414	False	False	False	False	False	False	0.0739724629169224	QTD000583	0.741896525506986	unexplained
22-rs6010045	False	True	False	False	True	True	0.906095254436745	QTD000185	0.926517352871861	susie_rescue
5-rs2914025	False	False	False	False	True	False	0.834770151326564	QTD000079	0.434623114619163	splicing
6-rs9390083	False	False	False	True	True	False	0.936709488511056	QTD000180	0.140140470148072	fetal_eqtl
9-rs6479494	True	False	True	False	True	True	0.934767864447087	QTD000079	0.956201803318002	bulk_expression
2-rs34181670	False	False	False	False	False	True	0.450294763080453	QTD000055	0.974243913250715	methylation
13-rs9603649	False	False	False	False	False	False	0.0289659050708765	QTD000079	0.647215152217177	unexplained
2-rs12476312	False	False	False	False	False	True	0.148327686663956	QTD000079	0.90202925383235	methylation
19-rs144821294	False	True	False	False	False	True	0.411973895843311	QTD000170	0.939108184804534	susie_rescue
1-rs41314284	False	True	False	False	False	True	0.088051319562517	QTD000175	0.961093267659026	susie_rescue
2-rs2033996	False	False	False	False	False	True	0.0092220882247276	QTD000055	0.849106343998256	methylation
12-rs10777187	True	False	False	False	False	True	0.0339940727319322	QTD000079	0.855974602106589	bulk_expression
12-rs10861176	False	False	False	False	False	True	0.0591055935929227	QTD000055	0.969847994839021	methylation
7-rs10243922	True	False	False	False	False	True	0.114022917769615	QTD000055	0.993730182859695	bulk_expression
2-rs6546857	True	False	False	False	False	True	0.324649494337329	QTD000055	0.993049014702321	bulk_expression
12-rs1464492	False	False	False	False	False	False	0.115592356882203	QTD000055	0.38644458527827	unexplained
6-rs80249955	False	False	False	False	False	False	0.061728216160926	QTD000185	0.666650011875007	unexplained
4-rs215483	False	False	False	False	False	True	0.0387612895598338	QTD000079	0.909080925555894	methylation
16-rs11647188	False	False	False	False	False	False	0.0836410633563766	QTD000200	0.560375296041252	unexplained
1-rs61786047	False	False	False	False	False	True	0.150756791551272	QTD000079	0.982558056271156	methylation
1-rs1023330	True	False	False	False	False	False	0.520866138119468	QTD000165	0.605555857883258	bulk_expression
18-rs8096175	False	False	False	False	False	False	0.0722675398932454	QTD000055	0.0845698636363412	unexplained
9-rs2890914	False	False	False	False	False	False	0.0213477820095601	QTD000055	0.0249593294191078	unexplained
13-rs12877581	False	False	False	False	False	True	0.0046146541856958	QTD000190	0.985930815140382	methylation
9-rs10781248	False	False	False	False	False	False	0.176715984029667	QTD000170	0.219945352850745	unexplained
3-rs62291002	False	True	False	False	False	True	0.0758870928895807	QTD000438	0.964156646252316	susie_rescue
14-rs745467	False	False	False	False	False	True	0.0425897428658449	QTD000079	0.895081990541452	methylation
11-rs12282735	True	False	False	False	False	True	0.417999439307659	QTD000195	0.952885440578324	bulk_expression
4-rs59518103	False	False	False	False	False	False	0.0735307892016467	QTD000195	0.0887360140363617	unexplained
7-rs6946576	True	False	False	False	False	True	0.186897472629429	QTD000055	0.993730182859695	bulk_expression
10-rs7902292	True	False	False	False	False	False	0.445825101857806	QTD000055	0.726938292033004	bulk_expression
16-rs79478621	False	False	False	False	False	True	0.0397908152846689	QTD000055	0.843923978172315	methylation
6-rs9390172	False	False	False	False	False	False	0.0187551357733423	QTD000180	0.280251281789885	unexplained
7-rs2299409	False	False	False	False	False	True	0.503897510061027	QTD000583	0.937132621143874	methylation
12-rs513022	False	False	False	False	False	True	0.381693250983904	QTD000583	0.806265209708697	methylation
12-rs61928076	False	False	False	False	False	True	0.061764459425387	QTD000583	0.994880799895369	methylation
18-rs337718	False	False	False	False	False	False	0.0770042566036571	QTD000055	0.0103146254723736	unexplained
6-rs9487653	False	False	False	False	True	True	0.867693830954213	QTD000195	0.948569493813353	splicing
9-rs6478858	False	False	False	False	True	True	0.948938970186333	QTD000155	0.915270591488672	splicing
3-rs7648272	False	False	False	False	False	True	0.0006826567485383	QTD000438	0.973762460578441	methylation
4-rs13117857	False	True	False	False	False	True	0.209159843327979	QTD000079	0.989005087274885	susie_rescue
6-rs9470670	False	False	False	True	False	False	0.0780288096823832	QTD000165	0.576448927955177	fetal_eqtl
6-rs117178087	False	False	False	False	False	False	0.0285442009904358	QTD000079	0.594100716316506	unexplained
10-rs2812599	False	False	False	False	False	True	0.035119639987252	QTD000079	0.979915534528386	methylation
6-rs221618	True	False	True	False	True	True	0.96878960899088	QTD000055	0.884245776301555	bulk_expression
8-rs6989793	False	False	False	False	False	True	0.569160687955843	QTD000438	0.934264852635805	methylation
7-rs62479287	False	False	False	False	False	False	0.0412337929066036	QTD000079	0.567537334843095	unexplained
11-rs12224032	True	False	False	False	False	True	0.0566441519520882	QTD000583	0.993358880108898	bulk_expression
16-rs244908	True	False	True	True	True	True	0.946280711783903	QTD000438	0.964523693724817	bulk_expression
2-rs345906	False	False	False	False	False	False	0.102570789240866	QTD000170	0.789107845663263	unexplained
7-rs7811528	True	False	False	False	False	True	0.24128715301998	QTD000190	0.987542882369301	bulk_expression
3-rs11129383	False	False	False	False	False	True	0.0021452792019732	QTD000438	0.976624790742694	methylation
17-rs3909258	False	False	False	True	False	True	0.322835455984079	QTD000195	0.992581716855294	fetal_eqtl
6-rs9341835	False	False	False	False	False	True	0.0827484924267575	QTD000079	0.937440841671061	methylation
4-rs2905625	False	False	False	False	False	False	0.0387931239428034	QTD000175	0.647623919281188	unexplained
11-rs1144403	False	False	False	False	False	False	0.0076336109195078	QTD000195	0.30130763281127	unexplained
6-rs7773962	False	False	False	False	False	True	0.0476509734818329	QTD000165	0.868052091581513	methylation
10-rs10995239	False	False	False	False	False	True	0.0691302555552726	QTD000170	0.97808419549607	methylation
1-rs11122119	False	False	False	False	False	True	0.0428202556698778	QTD000055	0.985197408716899	methylation
12-rs11064369	True	False	False	False	True	True	0.837370210632525	QTD000438	0.963577543098776	bulk_expression
9-rs72761691	False	False	False	False	False	False	0.056683371203002	QTD000170	0.378946633294421	unexplained
4-rs7681616	False	False	False	False	False	True	0.636023827365188	QTD000175	0.990882005141952	methylation
7-rs12671608	False	False	False	False	False	False	0.0104091971162436	QTD000055	0.351831641503727	unexplained
11-rs4923457	False	False	False	False	False	True	0.114654245657321	QTD000160	0.979503669133835	methylation
9-rs1319017	False	True	False	False	False	False	0.0022971237935351	QTD000175	0.21502034956803	susie_rescue
2-rs11685270	False	False	False	False	False	True	0.0370294780601679	QTD000079	0.864238651814375	methylation
2-rs35026989	False	False	False	False	False	False	0.0545035363743444	QTD000205	0.292774834020518	unexplained
1-rs61838368	False	False	False	False	False	False	0.0746369216504459	QTD000150	0.233552856651576	unexplained
14-rs221902	False	True	False	False	False	True	0.108218746546625	QTD000055	0.97711397721829	susie_rescue
22-rs76365544	False	False	False	False	False	False	0.111814854347734	QTD000160	0.784447605819425	unexplained
17-rs2189336	True	False	True	False	True	True	0.887067267492042	QTD000438	0.966051312808961	bulk_expression
3-rs77174383	False	False	False	False	False	False	0.0630717835666986	QTD000079	0.682047056305994	unexplained
4-rs982012	False	False	False	False	True	False	0.911721588421574	QTD000438	0.462427741439105	splicing
7-rs3923569	False	False	False	False	False	True	0.181656960570935	QTD000438	0.835016995249314	methylation
17-rs7225476	False	False	False	False	False	True	0.416743864303792	QTD000155	0.995012871785069	methylation
12-rs10777341	False	False	False	False	False	True	0.0040807722110541	QTD000055	0.827992521315626	methylation
5-rs12514660	True	False	False	False	False	True	0.0823206023667121	QTD000583	0.99241526047831	bulk_expression
