locus_id	n_cs_variants	total_pip	fetal_reg_pip	adult_reg_pip	any_fetal_reg	any_adult_reg	fetal_only_reg
7-rs58120505	13	1.955	0.8062	0.1971	1	1	1
10-rs12571643	197	3.1019	0.0237	0.0834	1	1	1
15-rs4702	1	0.9946	1.0	0.0	1	0	1
12-rs1790135	73	1.9681	0.0124	0.0066	1	1	1
4-rs13107325	230	2.2214	0.0076	0.0148	1	1	0
12-rs4298967	3	0.9566	0.0	0.0378	0	1	0
3-rs2710323	12	0.9703	0.0217	0.0217	1	1	0
2-rs2139054	69	1.9571	0.2024	0.0566	1	1	1
1-rs4950119	24	1.9206	0.0	0.0	0	0	0
7-rs7779548	50	1.9425	0.0	0.0	0	0	0
8-rs4129585	22	1.9608	0.1595	0.0091	1	1	1
11-rs2902858	60	2.012	0.1937	0.0637	1	1	1
14-rs2190873	85	2.8968	0.0192	0.0	1	0	1
1-rs12042444	88	1.0621	0.0	0.0	0	0	0
5-rs7709645	20	0.9666	0.2555	0.1489	1	1	1
3-rs71312200	149	2.9913	0.0247	0.0155	1	1	1
10-rs7893279	3	3.0	0.0	0.0	0	0	0
2-rs778371	21	0.9786	0.0199	0.3983	1	1	0
11-rs61902811	21	0.9674	0.0	0.0	0	0	0
7-rs35274762	4	1.9789	0.0	0.0	0	0	0
20-rs1006945	24	1.9588	0.0	0.2403	0	1	0
15-rs3813567	34	0.9808	0.0539	0.0092	1	1	1
12-rs4766428	9	1.9498	0.4738	0.694	1	1	0
1-rs2970610	5	0.9951	0.0	0.0	0	0	0
2-rs11680723	90	4.8952	0.0421	0.0459	1	1	1
18-rs55858161	33	2.9503	0.2393	0.2226	1	1	1
16-rs9925915	35	1.0788	0.1802	0.1802	1	1	0
19-rs8101499	62	1.0144	0.0967	0.1149	1	1	0
4-rs12498839	11	1.9217	0.5305	0.4531	1	1	1
1-rs56335113	60	1.9488	0.3922	0.0042	1	1	1
2-rs12471454	104	2.924	0.0761	0.021	1	1	1
1-rs11587347	5	1.9542	0.0	0.0	0	0	0
12-rs61937595	3	1.9568	0.5009	0.5009	1	1	0
15-rs11638554	72	3.9131	0.0209	0.0267	1	1	1
14-rs10873538	92	1.0423	0.0274	0.0965	1	1	0
22-rs732381	2	1.9838	0.0	0.0	0	0	0
7-rs7803571	29	1.9347	0.0	0.0	0	0	0
3-rs10935184	50	1.9099	0.1294	0.0	1	0	1
5-rs10035564	0						
19-rs7251	32	2.926	0.1942	0.3209	1	1	1
2-rs11693094	5	1.0019	0.0	0.0	0	0	0
11-rs4936215	116	4.838	0.4201	0.1817	1	1	1
2-rs12991836	2	1.0009	0.7622	0.0	1	0	1
11-rs3016384	59	1.9476	0.2204	0.0	1	0	1
1-rs16851048	6	0.9611	0.1172	0.1172	1	1	0
10-rs17731	29	1.9655	0.5982	0.5391	1	1	1
5-rs72802887	83	1.9615	0.0	0.0	0	0	0
8-rs73219806	7	0.9974	0.0792	0.0	1	0	1
18-rs11083369	2	0.9937	0.0	0.0	0	0	0
15-rs11632947	15	0.9598	0.0	0.0	0	0	0
13-rs9545047	62	0.9511	0.0266	0.0378	1	1	1
7-rs2057884	80	1.0485	0.0222	0.0367	1	1	1
22-rs9607782	59	1.984	0.0408	0.0892	1	1	1
18-rs9636107	51	4.8662	0.1499	0.082	1	1	1
14-rs12883788	7	0.9571	0.0	0.0	0	0	0
2-rs2914983	98	2.0623	0.0331	0.0479	1	1	1
16-rs12925872	9	1.0037	0.0	0.0	0	0	0
2-rs68002929	11	0.9698	0.0	0.0	0	0	0
11-rs893949	118	4.8534	0.4158	0.1827	1	1	1
7-rs7807720	27	1.9247	0.0	0.0	0	0	0
11-rs12541	55	1.9313	0.0	0.0292	0	1	0
1-rs61833239	4	1.9687	0.344	0.0	1	0	1
18-rs715170	69	4.8279	0.1327	0.0863	1	1	1
2-rs3770752	24	0.9743	0.1963	0.2275	1	1	0
8-rs73229090	7	0.9808	0.0	0.0	0	0	0
1-rs2494638	7	0.9541	0.149	0.0245	1	1	1
9-rs505061	1	0.999	0.0	0.0	0	0	0
6-rs6938026	3	0.9978	0.0	0.0	0	0	0
17-rs959071	101	2.9038	0.1738	0.3611	1	1	1
11-rs4937935	118	4.8584	0.4156	0.1829	1	1	1
7-rs79210963	67	1.957	0.0208	0.012	1	1	1
11-rs77502336	58	1.9787	0.2849	0.2996	1	1	0
3-rs17194490	5	0.9593	0.0	0.0489	0	1	0
4-rs61405217	23	0.9743	0.0074	0.0074	1	1	0
16-rs9674103	51	0.9873	0.1043	0.0876	1	1	1
15-rs2929278	42	0.9633	0.0567	0.0567	1	1	0
8-8-4180090-T-A	24	1.913	0.116	0.0	1	0	1
8-rs4043663	179	1.2484	0.0541	0.015	1	1	1
5-rs187653	28	0.9945	0.2023	0.2305	1	1	1
3-rs1399551	233	1.2008	0.006	0.0	1	0	1
15-rs56282503	4	0.9621	0.0	0.0	0	0	0
8-rs298216	105	2.92	0.3195	0.1578	1	1	1
3-rs4678552	18	0.973	0.024	0.0	1	0	1
13-rs11619756	11	0.9637	0.0745	0.0523	1	1	1
7-rs1593304	32	1.9414	0.0	0.0941	0	1	0
17-rs2696466	1638	0.9804	0.1265	0.0981	1	1	1
3-rs13090130	173	1.9986	0.0	0.0	0	0	0
11-rs12363019	37	0.9803	0.0	0.0	0	0	0
12-rs302317	6	3.9875	0.5016	0.5016	1	1	0
17-rs12943566	162	1.9941	0.1722	0.0835	1	1	1
11-rs10767735	49	1.9515	0.0559	0.0	1	0	1
6-rs217310	30	0.9861	0.0	0.0	0	0	0
3-rs6804677	259	1.9226	0.0004	0.0006	1	1	0
15-rs2238304	17	0.9668	0.1284	0.1284	1	1	0
5-rs11241041	87	1.0361	0.0042	0.0825	1	1	0
13-rs9597388	62	1.9736	0.0	0.0	0	0	0
5-rs7701188	104	3.9178	0.002	0.0	1	0	1
17-rs4793888	11	0.9748	0.3086	0.3086	1	1	0
2-rs6430491	6	1.0024	0.0	0.0	0	0	0
4-rs35734242	1	0.972	0.0	0.0	0	0	0
20-rs6125656	13	0.9738	0.0925	0.1816	1	1	0
1-rs2252865	31	0.9974	0.2476	0.5295	1	1	0
14-rs1540840	2	0.9547	1.0	0.9542	1	1	1
2-rs72974238	33	0.9842	0.1436	0.1436	1	1	0
6-rs9398171	44	1.9482	0.0382	0.0967	1	1	0
1-rs12138231	137	1.35	0.0308	0.0415	1	1	1
8-rs59498392	97	1.0639	0.1202	0.1406	1	1	0
6-rs12190758	44	0.9944	0.019	0.0	1	0	1
12-rs6538539	19	0.9738	0.0	0.0	0	0	0
4-rs1454606	420	1.5664	0.0045	0.0	1	0	1
16-rs11076631	51	1.0053	0.1128	0.0232	1	1	1
11-rs708228	0						
12-rs61952922	125	1.9752	0.2112	0.3633	1	1	1
17-rs75329315	166	2.0091	0.1618	0.0874	1	1	1
13-rs1924378	66	1.9541	0.0	0.0	0	0	0
8-rs6471815	16	0.9797	0.0	0.0	0	0	0
19-rs2387414	11	2.9302	0.0863	0.2266	1	1	1
1-rs645383	60	1.0497	0.0533	0.0533	1	1	0
8-rs10086619	33	1.0129	0.0	0.0	0	0	0
1-rs6588168	17	0.9709	0.0	0.0	0	0	0
14-rs17571951	8	0.9562	0.0197	0.0	1	0	1
5-rs115037896	150	1.0467	0.0	0.0	0	0	0
1-rs11209828	36	0.992	0.0	0.0	0	0	0
17-rs6504163	11	0.9708	0.0	0.3774	0	1	0
5-rs246024	184	2.0959	0.0966	0.0932	1	1	1
3-rs167924	10	0.9597	0.4031	0.011	1	1	1
19-rs72986630	7	1.9743	0.5754	0.5765	1	1	1
4-rs7699241	3	0.958	0.0	0.0	0	0	0
2-rs62152282	14	0.9731	0.0	0.0	0	0	0
5-rs39967	20	0.9666	0.0772	0.0772	1	1	0
5-rs815609	2	0.996	0.0	0.0	0	0	0
10-rs7900775	0						
1-rs61828917	0						
7-rs2944821	45	1.9375	0.0849	0.055	1	1	1
7-rs6461561	7	0.9595	0.0121	0.8291	1	1	0
10-rs61857878	2	0.9899	0.0	0.0	0	0	0
7-rs13233308	9	1.9867	0.0	0.0	0	0	0
21-rs8134737	4	1.0025	0.0	0.0	0	0	0
12-rs2649999	87	1.9777	0.0363	0.0598	1	1	0
16-rs8048039	37	0.9755	0.0038	0.0099	1	1	0
14-rs10148671	8	0.9561	0.0192	0.0	1	0	1
4-rs28454198	19	0.9774	0.1529	0.0	1	0	1
13-rs1545660	0						
1-rs61789527	244	3.894	0.0049	0.001	1	1	1
5-rs252812	9	0.9591	0.0	0.0	0	0	0
6-rs6925079	41	1.9111	0.0479	0.0	1	0	1
15-rs10906984	50	1.0309	0.0	0.1032	0	1	0
9-rs10985811	19	0.9755	0.0	0.0	0	0	0
6-rs1856507	10	0.9568	0.0	0.0	0	0	0
10-rs2119242	5	0.9703	0.0537	0.0758	1	1	0
7-rs1589726	123	1.0766	0.0031	0.0	1	0	1
12-rs578470	0						
5-rs72723227	2	0.9713	0.0	0.0	0	0	0
2-rs62183855	11	0.975	0.0	0.0	0	0	0
6-rs9322058	15	0.9837	0.1469	0.0193	1	1	1
12-rs2686386	177	3.9089	0.0344	0.0602	1	1	1
11-rs11227250	45	1.9569	0.3467	0.3331	1	1	1
9-rs13293831	5	0.9834	0.0	0.0	0	0	0
18-rs8084351	0						
4-rs28521069	91	1.0309	0.0118	0.0	1	0	1
11-rs10894308	109	1.9676	0.0	0.0092	0	1	0
13-rs9569820	41	1.0029	0.0	0.0	0	0	0
1-rs10157075	14	0.9624	0.0	0.0	0	0	0
2-rs1396728	53	1.0164	0.0	0.0187	0	1	0
16-rs11862968	0						
4-rs356183	0						
12-rs3764002	2	0.957	0.0	0.0	0	0	0
7-rs35531336	0						
12-rs1463209	0						
5-rs9687282	55	1.9748	0.4579	0.5382	1	1	1
14-rs7141857	51	0.9942	0.0	0.0	0	0	0
3-rs59971314	18	0.962	0.2605	0.0154	1	1	1
4-rs4697446	18	1.9514	0.0	0.0	0	0	0
2-rs1881046	131	2.0699	0.0	0.0	0	0	0
8-rs1434281	11	0.961	0.5723	0.3297	1	1	1
1-rs7515363	29	1.924	0.0117	0.0606	1	1	0
19-rs3810450	3	0.9669	0.0	0.0	0	0	0
8-rs7464611	14	0.9696	0.1713	0.1713	1	1	0
2-rs999494	152	2.1048	0.0222	0.0037	1	1	1
15-rs2917627	21	1.9621	0.5031	0.5031	1	1	0
15-rs653765	25	0.9748	0.1978	0.2464	1	1	1
9-rs2381411	43	0.9973	0.062	0.0303	1	1	1
9-rs498591	2	0.9645	0.0	0.0	0	0	0
19-rs322124	7	1.9769	0.5768	0.5713	1	1	1
19-rs758749	10	0.9745	0.0803	0.4271	1	1	0
2-rs10173857	0						
12-rs12315638	73	1.9958	0.0	0.0	0	0	0
1-rs3900555	29	0.9828	0.0793	0.0253	1	1	1
2-rs4672366	30	1.9346	0.1944	0.0	1	0	1
1-rs12126806	45	1.9488	0.0117	0.0539	1	1	0
13-rs650520	74	1.9562	0.0	0.0	0	0	0
8-rs876983	11	0.969	0.0	0.0	0	0	0
14-rs4903718	10	0.963	0.0203	0.0332	1	1	1
12-rs61924144	82	1.9887	0.0	0.0447	0	1	0
21-rs229362	17	0.9666	0.0	0.0	0	0	0
5-rs34879738	97	2.9557	0.0475	0.0098	1	1	1
7-rs2349487	14	0.9616	0.0	0.0	0	0	0
5-rs12652777	43	0.9985	0.0	0.0027	0	1	0
2-rs7604885	17	0.97	0.3833	0.0	1	0	1
13-rs61973697	36	0.9784	0.0	0.0	0	0	0
2-rs7575796	0						
1-rs10559	112	2.9256	0.1289	0.1222	1	1	1
17-rs11263770	10	0.9741	0.1742	0.1742	1	1	0
2-rs7599488	30	1.9261	0.1933	0.0	1	0	1
8-rs79445414	142	3.0315	0.0112	0.0	1	0	1
22-rs6010045	0						
5-rs2914025	42	1.9509	0.0174	0.0	1	0	1
6-rs9390083	11	0.9766	0.1146	0.0	1	0	1
9-rs6479494	26	0.9768	0.0426	0.0706	1	1	1
2-rs34181670	0						
13-rs9603649	0						
2-rs12476312	122	1.0233	0.007	0.0	1	0	1
19-rs144821294	5	1.9518	0.0	0.0	0	0	0
1-rs41314284	5	0.9571	0.3661	0.0	1	0	1
2-rs2033996	72	1.0081	0.0043	0.0	1	0	1
12-rs10777187	33	0.9943	0.0	0.0291	0	1	0
12-rs10861176	36	2.873	0.0	0.0	0	0	0
7-rs10243922	28	1.9366	0.0	0.0241	0	1	0
2-rs6546857	158	2.1354	0.0695	0.0245	1	1	1
12-rs1464492	75	1.986	0.0	0.0	0	0	0
6-rs80249955	4	0.9755	0.0	0.0	0	0	0
4-rs215483	18	1.9503	0.0	0.0	0	0	0
16-rs11647188	9	0.9594	0.0	0.0	0	0	0
1-rs61786047	11	0.9696	0.0	0.0	0	0	0
1-rs1023330	26	1.9728	0.0	0.1237	0	1	0
18-rs8096175	0						
9-rs2890914	28	0.967	0.1518	0.0	1	0	1
13-rs12877581	3	0.9639	0.0	0.0	0	0	0
9-rs10781248	5	0.9774	0.4793	0.0	1	0	1
3-rs62291002	105	2.0241	0.0359	0.0221	1	1	1
14-rs745467	27	1.9459	0.001	0.001	1	1	0
11-rs12282735	55	2.9222	0.2211	0.2412	1	1	0
4-rs59518103	182	2.013	0.0164	0.0	1	0	1
7-rs6946576	4	0.9576	0.0	0.0	0	0	0
10-rs7902292	3	0.9636	0.0	0.0	0	0	0
16-rs79478621	23	1.9339	0.0137	0.0095	1	1	1
6-rs9390172	0						
7-rs2299409	151	2.0317	0.0747	0.0736	1	1	1
12-rs513022	105	1.0798	0.0918	0.0075	1	1	1
12-rs61928076	0						
18-rs337718	97	1.9756	0.0	0.0	0	0	0
6-rs9487653	0						
9-rs6478858	0						
3-rs7648272	58	1.9425	0.0324	0.0	1	0	1
4-rs13117857	16	1.9485	0.0	0.0	0	0	0
6-rs9470670	122	2.0057	0.029	0.0348	1	1	1
6-rs117178087	37	0.9854	0.3374	0.2712	1	1	1
10-rs2812599	44	1.9337	0.0207	0.0	1	0	1
6-rs221618	36	0.9941	0.0	0.0	0	0	0
8-rs6989793	2	0.9985	0.0	0.0	0	0	0
7-rs62479287	0						
11-rs12224032	20	0.9646	0.0	0.0	0	0	0
16-rs244908	54	1.0268	0.0327	0.0327	1	1	0
2-rs345906	3	0.9972	0.0	0.0	0	0	0
7-rs7811528	12	1.9544	0.8327	0.2131	1	1	1
3-rs11129383	0						
17-rs3909258	25	1.9849	0.2385	0.5345	1	1	0
6-rs9341835	40	1.9248	0.0483	0.0	1	0	1
4-rs2905625	0						
11-rs1144403	0						
6-rs7773962	0						
10-rs10995239	116	2.9213	0.0063	0.0097	1	1	1
1-rs11122119	0						
12-rs11064369	2	0.976	0.0	0.0	0	0	0
9-rs72761691	0						
4-rs7681616	0						
7-rs12671608	1	0.965	0.0	0.0	0	0	0
11-rs4923457	163	3.0593	0.0305	0.0	1	0	1
9-rs1319017	74	1.9054	0.0203	0.0	1	0	1
2-rs11685270	0						
2-rs35026989	134	2.0429	0.0	0.0	0	0	0
1-rs61838368	20	0.9882	0.0	0.0	0	0	0
14-rs221902	99	2.9284	0.0213	0.0052	1	1	1
22-rs76365544	9	0.956	0.0164	0.0	1	0	1
17-rs2189336	0						
3-rs77174383	14	0.9706	0.0	0.0	0	0	0
4-rs982012	0						
7-rs3923569	59	1.9351	0.1392	0.0155	1	1	1
17-rs7225476	0						
12-rs10777341	10	0.9723	0.6061	0.0	1	0	1
5-rs12514660	172	2.0771	0.0018	0.0	1	0	1
